,CollectDate,Ammmonia Nitrogen (mg/L),Conductivity (µmhos/cm),Dissolved Oxygen (mg/L),Fecal Coliform (CFU/100ml),Nitrate Nitrite (mg/L),Orthophosphate Phosphate (mg/L),pH,Temperature (°C),Total Nitrogen (mg/L),Total Phosphorus (mg/L),WQI
0,1994-02-14,0.02,98.2,11.1,49.0,0.22,0.013,7.1,6.9,0.41,0.019,80.65315917743538
1,1994-02-14,0.02,99.0,10.98,49.0,0.18,0.013,7.2,6.9,0.38,0.021,69.1667632005637
2,1994-03-07,0.02,100.3,11.08,36.0,0.22,0.01,7.5,7.6,0.35,0.022,81.44869212299334
3,1994-03-07,0.02,101.1,11.09,36.0,0.22,0.01,7.5,7.6,0.37,0.026,82.6931294919292
4,1994-03-21,0.02,100.7,11.59,35.0,0.16,0.0076,7.6,7.5,0.35,0.021,63.14257219752734
5,1994-03-21,0.02,101.3,11.5,35.0,0.16,0.0079,7.6,7.6,0.37,0.024,64.0863846816181
8,1994-04-18,0.02,100.6,12.89,1.0,0.09,0.0022,8.7,12.0,0.347,0.02,42.186524378388356
9,1994-04-18,0.02,100.9,12.79,1.0,0.093,0.0022,8.7,11.3,0.391,0.02,43.12675048510472
10,1994-05-02,0.02,107.9,11.55,12.0,0.05,0.002,8.8,14.0,0.223,0.02,29.904259009810325
11,1994-05-02,0.02,108.2,11.46,12.0,0.05,0.002,8.8,13.8,0.222,0.021,30.18140541026807
12,1994-05-23,0.02,109.3,10.82,43.0,0.05,0.002,8.5,17.2,0.581,0.017,29.866253300117755
13,1994-05-23,0.02,110.5,10.68,43.0,0.05,0.002,8.4,16.8,0.482,0.016,29.316743188909214
14,1994-06-06,0.02,104.7,10.77,2.0,0.05,0.002,8.2,17.2,0.212,0.025,31.475451492569203
15,1994-06-06,0.02,105.3,10.29,2.0,0.05,0.002,8.3,17.2,0.212,0.016,28.72815194619448
16,1994-07-05,0.02,110.1,9.05,30.0,0.05,0.002,7.3,19.1,0.243,0.022,30.551901198439072
17,1994-07-05,0.02,110.4,8.86,30.0,0.05,0.002,7.3,19.1,0.226,0.022,30.4975750595889
18,1994-08-03,0.02,107.5,8.37,19.0,0.05,0.0022,7.5,22.8,0.195,0.022,30.619896671021262
19,1994-08-03,0.02,107.7,8.33,19.0,0.05,0.0064,7.5,22.8,0.221,0.017,29.21852978870834
20,1994-09-06,0.02,113.9,8.64,24.0,0.05,0.0024,7.7,21.4,0.21,0.018,29.402235525384498
21,1994-09-06,0.02,115.7,8.51,24.0,0.05,0.0025,7.7,21.3,0.202,0.02,29.968611365127483
22,1994-09-06,0.02,113.6,8.45,24.0,0.05,0.00245,7.6,21.3,0.20600000000000002,0.019,29.665745568875202
23,1994-10-03,0.02,107.5,8.63,25.0,0.05,0.0034,7.5,18.9,0.218,0.011,27.165346231628327
24,1994-10-03,0.02,107.7,8.56,25.0,0.05,0.0034,7.5,18.8,0.246,0.014,28.11195455901209
25,1994-11-02,0.02,103.8,9.31,140.0,0.05,0.002,7.3,12.8,0.232,0.012,27.1822074790461
26,1994-11-02,0.02,105.3,9.17,140.0,0.05,0.002,7.3,12.8,0.246,0.012,27.1975614682406
27,1994-12-05,0.02,104.0,9.96,68.0,0.144,0.0098,7.3,8.0,0.318,0.022,58.45775351197912
28,1994-12-05,0.02,104.4,9.82,68.0,0.14,0.0091,7.3,8.0,0.282,0.02,56.55780722150217
29,1995-01-19,0.02,88.8,10.79,58.0,0.224,0.017,7.5,7.1,0.377,0.031,85.43842558207108
30,1995-01-19,0.02,89.2,10.58,58.0,0.227,0.0145,7.5,7.0,0.378,0.021,83.28053481395054
31,1995-02-06,0.022,106.5,11.07,78.0,0.232,0.0154,7.4,7.8,0.438,0.032,88.92156922164584
32,1995-02-06,0.02,107.3,11.08,78.0,0.229,0.0165,7.4,7.8,0.43,0.04,89.82038658755411
33,1995-03-06,0.02,98.0,11.61,59.0,0.202,0.0081,7.6,7.1,0.413,0.031,78.88334116548998
35,1995-03-06,0.02,98.0,11.61,59.0,0.202,0.0081,7.6,7.1,0.413,0.031,78.88334116548998
36,1995-03-20,0.02,96.4,11.8,37.0,0.162,0.0081,7.6,8.4,0.447,0.022,64.32843973024319
37,1995-03-20,0.02,96.8,11.7,37.0,0.186,0.0081,7.6,8.4,0.43,0.021,71.19278476884556
38,1995-04-03,0.02,98.6,13.58,17.0,0.05,0.002,8.55,1530.0,0.44,0.0315,126.9507754187456
39,1995-04-03,0.02,98.4,13.88,17.0,0.05,0.002,8.6,11.7,0.428,0.034,34.620443165602765
40,1995-04-03,0.02,98.8,13.28,17.0,0.05,0.002,8.5,11.0,0.452,0.029,33.06174816650698
41,1995-04-17,0.02,97.7,12.18,46.0,0.06,0.002,8.2,10.6,0.36,0.026,34.83127272193736
42,1995-04-17,0.02,98.2,12.07,46.0,0.075,0.002,8.2,10.6,0.427,0.019,37.363529317424735
45,1995-05-15,0.02,102.3,10.51,50.0,0.05,0.002,8.4,16.3,0.232,0.018,29.34936296870339
46,1995-05-15,0.02,102.6,10.54,50.0,0.05,0.002,8.4,15.8,0.212,0.0183,29.370098461527846
47,1995-06-06,0.02,101.1,9.69,48.0,0.05,0.0022,8.2,19.2,0.283,0.023,31.047959763486787
48,1995-06-06,0.02,101.3,9.61,48.0,0.05,0.002,8.2,19.2,0.451,0.023,31.388111515671888
51,1995-08-02,0.02,99.0,9.31,24.0,0.05,0.0041,7.7,22.5,0.244,0.013,28.124966881829355
52,1995-08-02,0.02,99.2,9.22,24.0,0.05,0.0035,7.7,22.5,0.247,0.014,28.41550704008064
53,1995-09-11,0.02,113.1,8.74,38.0,0.05,0.0025,7.4,20.3,0.217,0.0085,26.496318548067656
54,1995-09-11,0.02,118.5,8.66,38.0,0.05,0.002,7.4,20.2,0.233,0.0106,27.14068288158387
55,1995-10-04,0.02,133.5,8.84,60.0,0.05,0.002,7.5,17.7,0.179,0.005,25.218539963575317
56,1995-10-04,0.02,132.7,8.8,60.0,0.05,0.002,7.5,17.7,0.207,0.005,25.272956312094916
57,1995-11-06,0.02,100.5,7.99,94.0,0.05,0.0045,7.2,11.5,0.2,0.0167,28.334828632215753
58,1995-11-06,0.02,102.0,8.13,94.0,0.05,0.0036,7.2,11.6,0.225,0.0151,27.915578363115543
59,1995-12-04,0.02,100.9,9.71,35.0,0.155,0.009,7.2,10.1,0.354,0.012,58.917891794489044
60,1995-12-04,0.02,101.2,9.69,35.0,0.158,0.009,7.2,10.1,0.338,0.014,60.384650341992774
61,1996-01-02,0.025,97.1,10.06,60.0,0.235,0.01,7.1,8.8,0.423,0.023,87.86936376137555
62,1996-01-02,0.024,97.4,9.87,60.0,0.239,0.011,7.0,8.8,0.389,0.026,89.58996799731831
63,1996-02-06,0.02,97.2,10.69,140.0,0.262,0.011,7.0,6.9,0.454,0.03,96.61343228916172
64,1996-02-06,0.043,97.4,10.56,140.0,0.278,0.011,7.0,6.9,0.486,0.031,108.68420999832158
70,1996-03-05,0.028,99.1,12.15,45.0,0.256,0.007,7.8,7.3,0.454,0.025,95.85128575652706
71,1996-03-05,0.022,99.1,12.1,45.0,0.254,0.006,7.8,7.3,0.475,0.023,92.87388458156995
74,1996-03-20,0.026,97.4,12.51,1.0,0.219,0.003,8.1,8.3,0.394,0.022,83.16250285324561
75,1996-03-20,0.024,97.4,12.47,1.0,0.227,0.003,8.1,8.2,0.44,0.022,85.05090586758067
79,1996-04-08,0.02,121.1,13.31,4.0,0.092,0.002,8.9,12.1,0.392,0.016,41.73449487311179
80,1996-04-08,0.025,117.1,13.47,4.0,0.092,0.002,8.9,11.8,0.42,0.016,43.29238897522562
84,1996-04-25,0.023,83.2,10.69,60.0,0.201,0.004,7.2,9.0,0.37,0.019,75.74829249082339
85,1996-04-25,0.025,83.0,10.76,60.0,0.202,0.004,7.4,9.0,0.361,0.016,75.74477752173694
87,1996-05-07,0.028,98.6,10.5,45.0,0.154,0.003,8.0,12.3,0.401,0.02,63.698368282021775
88,1996-05-07,0.025,98.7,10.53,45.0,0.158,0.003,8.0,12.2,0.366,0.016,62.720931371275114
91,1996-05-23,0.026000000000000002,95.2,10.614999999999998,68.0,0.128,0.003,7.8,12.5,0.3645,0.0195,55.079207954896205
92,1996-05-23,0.027,95.2,10.61,120.0,0.138,0.003,7.8,12.5,0.358,0.017,57.62731810112356
93,1996-05-23,0.025,95.2,10.62,94.0,0.118,0.003,7.8,12.5,0.371,0.022,52.543955419724476
95,1996-06-03,0.039,99.8,10.5,22.0,0.123,0.002,7.8,17.1,0.309,0.015,56.26606318444583
96,1996-06-03,0.04,100.0,10.63,22.0,0.124,0.002,7.9,17.1,0.297,0.008,54.755988316336705
99,1996-06-17,0.02,101.8,9.68,18.0,0.09,0.002,7.6,17.8,0.325,0.011,39.42832575507522
100,1996-06-17,0.03,101.7,9.78,18.0,0.087,0.003,7.6,17.8,0.357,0.014,42.521261626181975
103,1996-07-03,0.02,94.95,9.265,14.0,0.079,0.002,7.4,19.75,0.3685,0.018000000000000002,38.386523248922714
104,1996-07-03,0.02,94.9,9.19,12.0,0.079,0.002,7.4,19.8,0.322,0.021,39.18606641385584
105,1996-07-03,0.02,95.0,9.34,13.0,0.079,0.002,7.4,19.7,0.415,0.015,37.58648556048744
108,1996-07-25,0.02,102.25,9.120000000000001,18.0,0.05,0.003,7.25,22.0,0.2515,0.016,28.959547397689413
109,1996-07-25,0.02,101.6,9.15,25.0,0.05,0.003,7.3,22.3,0.255,0.014,28.39058718273406
110,1996-07-25,0.02,102.9,9.09,21.5,0.05,0.003,7.2,21.7,0.248,0.018,29.530238444902253
112,1996-08-05,0.02,107.3,8.58,40.0,0.05,0.002,7.3,21.4,0.241,0.02,30.04277514166253
113,1996-08-05,0.02,106.7,8.68,40.0,0.05,0.002,7.3,21.1,0.241,0.02,30.03429320662973
116,1996-08-22,0.1055,117.5,8.46,23.0,0.05,0.0035,7.3,20.65,0.264,0.015,54.23247593004408
117,1996-08-22,0.16,117.6,8.49,22.0,0.05,0.003,7.3,20.7,0.247,0.015,70.5699393034165
118,1996-08-22,0.051,117.4,8.43,22.5,0.05,0.004,7.3,20.6,0.281,0.015,37.89476529492058
120,1996-09-04,0.02,112.7,8.21,70.0,0.05,0.006,7.5,20.7,0.209,0.015,28.45574518029378
121,1996-09-04,0.02,112.9,8.3,70.0,0.05,0.005,7.5,20.7,0.264,0.018,29.46868713004192
123,1996-09-16,0.02,110.1,8.92,72.0,0.05,0.006,7.8,19.4,0.188,0.025,31.419689414012524
124,1996-09-16,0.02,109.4,8.78,72.0,0.05,0.013,7.8,19.2,0.24,0.019,29.783566383430212
127,1996-10-03,0.0295,110.1,8.59,11.0,0.05,0.0035,7.2,17.2,0.1925,0.011,29.84447054108514
128,1996-10-03,0.029,109.0,8.55,19.0,0.05,0.003,7.2,17.2,0.194,0.009,29.087843393264674
129,1996-10-03,0.03,111.2,8.63,15.0,0.05,0.004,7.2,17.2,0.191,0.013,30.603075782914168
135,1996-11-07,0.033,100.7,9.18,25.0,0.1145,0.0027,7.2,11.3,0.311,0.01525,51.48649891731202
136,1996-11-07,0.033,100.7,9.17,33.0,0.117,0.0031,7.2,11.3,0.316,0.0174,52.89902971434532
137,1996-11-07,0.033,100.7,9.19,29.0,0.112,0.0023,7.2,11.3,0.306,0.0131,50.075946214287264
140,1996-12-03,0.035,97.95,9.28,80.0,0.221,0.0134,7.2,8.8,0.388,0.0159,84.43252505220127
141,1996-12-03,0.033,98.0,9.28,51.0,0.223,0.014,7.2,8.8,0.399,0.02,85.68963987424975
142,1996-12-03,0.037,97.9,9.28,65.5,0.219,0.0128,7.2,8.8,0.377,0.0118,83.1682396393718
152,1997-01-23,0.025,84.8,10.3,150.0,0.307,0.0155,7.3,6.5,0.399,0.0296,111.40419794847067
153,1997-01-23,0.02,85.2,11.1,150.0,0.311,0.0145,7.2,6.5,0.478,0.0264,110.37052568858442
155,1997-02-04,0.02,86.0,11.0,25.0,0.326,0.0153,7.3,6.3,0.466,0.0232,113.86148185664605
156,1997-02-04,0.02,85.9,9.5,25.0,0.357,0.0138,7.3,6.3,0.49,0.0227,122.90745588550793
161,1997-03-04,0.023,91.0,11.5,27.0,0.331,0.0193,7.5,6.4,0.444,0.0243,116.6621017025682
162,1997-03-04,0.027,91.4,11.1,27.0,0.287,0.0185,7.5,6.4,0.442,0.026,105.10240166160774
166,1997-04-01,0.048,91.0,11.5,6.0,0.331,0.0155,7.7,7.6,0.474,0.0256,124.65857868787313
167,1997-04-01,0.053,92.0,11.4,6.0,0.326,0.014,7.7,7.5,0.46,0.0249,124.38502035097814
169,1997-05-07,0.023,88.2,12.0,6.0,0.201,0.0076,8.8,12.0,0.397,0.0157,75.22831489580673
170,1997-05-07,0.026,88.1,11.9,6.0,0.201,0.005,8.8,11.9,0.429,0.0139,75.60827344680766
172,1997-06-04,0.032,91.9,10.4,80.0,0.105,0.002,8.7,17.3,0.277,0.0098,47.17557792503383
173,1997-06-04,0.024,91.9,10.4,80.0,0.107,0.002,8.7,17.2,0.28,0.0111,45.76371742642982
175,1997-07-02,0.02,84.3,9.6,110.0,0.06,0.0141,7.8,18.8,0.304,0.0124,31.014083411006357
176,1997-07-02,0.02,85.3,9.5,110.0,0.067,0.0097,7.9,18.7,0.293,0.0193,35.10226912240112
178,1997-08-04,0.02,93.1,8.9,17.0,0.05,0.0065,7.6,23.4,0.259,0.01,27.292784785614984
179,1997-08-04,0.02,93.0,8.8,17.0,0.05,0.0091,7.6,23.1,0.24,0.0102,27.316146312149698
181,1997-09-02,0.02,92.9,8.7,40.0,0.05,0.0076,7.5,22.6,0.199,0.0203,30.205899550637337
182,1997-09-02,0.02,93.3,8.4,40.0,0.05,0.0066,7.4,22.2,0.144,0.0209,30.20092843961571
184,1997-10-07,0.026,90.7,9.5,66.0,0.05,0.0063,7.6,16.2,0.281,0.0178,31.10826436900567
185,1997-10-07,0.021,91.0,9.4,66.0,0.05,0.0049,7.6,16.2,0.262,0.0178,29.53976506659381
186,1997-11-04,0.032,91.0,9.4,24.0,0.128,0.0061,7.5,13.1,0.279,0.016,55.5853950004004
187,1997-11-04,0.037,91.2,9.3,24.0,0.131,0.0074,7.5,13.1,0.285,0.0152,57.76665575865149
188,1997-12-02,0.041,87.3,9.6,24.0,0.201,0.0074,8.2,10.2,0.347,0.0136,79.52760093838022
189,1997-12-02,0.039,87.3,9.6,24.0,0.205,0.007,8.0,10.1,0.339,0.0175,81.26415257371485
190,1998-01-06,0.028,85.5,10.4,40.0,0.245,0.0114,7.4,8.3,0.338,0.0207,90.93528223010469
191,1998-01-06,0.029,85.4,10.2,40.0,0.244,0.011,7.4,8.2,0.352,0.0229,91.59461681688215
192,1998-02-02,0.023,90.7,11.1,43.0,0.277,0.012,7.5,7.6,0.394,0.0169,98.06056580764741
193,1998-02-02,0.024,90.8,11.0,43.0,0.309,0.0136,7.5,7.6,0.407,0.018,108.34141164245199
194,1998-03-02,0.02,92.3,11.6,34.0,0.242,0.007,7.7,8.0,0.391,0.0172,86.749341324399
195,1998-03-02,0.02,92.4,11.5,34.0,0.237,0.007,7.7,7.9,0.412,0.0172,85.27497879425373
197,1998-04-07,0.024,101.0,11.8,21.0,0.184,0.002,7.9,10.5,0.383,0.0245,72.82241458063143
198,1998-04-07,0.022,99.1,11.7,21.0,0.179,0.002,7.9,9.7,0.391,0.0231,70.25650789746011
201,1998-05-04,0.02,101.0,11.0,3.0,0.128,0.002,8.0,16.6,0.343,0.0074,49.872084574605395
202,1998-05-04,0.02,101.0,10.8,3.0,0.131,0.002,7.9,16.0,0.355,0.009,51.218258476765016
204,1998-06-02,0.02,96.6,10.6,5.0,0.145,0.002,7.9,16.7,0.319,0.0127,56.48387801221679
205,1998-06-02,0.02,96.6,10.3,5.0,0.145,0.002,7.7,15.6,0.327,0.0122,56.24480453485923
207,1998-07-07,0.01,98.9,9.8,11.0,0.077,0.002,7.6,20.5,0.305,0.0139,33.524303616654734
208,1998-07-07,0.011,107.0,9.6,11.0,0.077,0.002,7.6,20.3,0.305,0.0123,33.31219533695259
210,1998-08-04,0.01,104.0,8.7,14.0,0.02,0.002,7.6,23.4,0.217,0.0106,15.294424614824074
211,1998-08-04,0.013,104.0,8.5,14.0,0.02,0.002,7.5,23.2,0.262,0.0151,17.605196569470515
213,1998-09-10,0.016,142.0,7.7,11.0,0.02,0.002,7.3,21.0,0.242,0.0146,18.09265191244005
214,1998-09-10,0.016,143.0,7.4,11.0,0.02,0.002,7.3,21.0,0.243,0.0143,17.9748506362751
216,1998-10-06,0.016,148.0,9.2,42.0,0.02,0.002,7.6,18.0,0.263,0.021,20.041993281503714
217,1998-10-06,0.018,150.0,8.8,42.0,0.02,0.002,7.6,17.9,0.223,0.0143,18.500764530497726
218,1998-11-03,0.015,98.9,9.6,360.0,0.032,0.002,7.5,13.4,0.236,0.0101,19.820024257165286
219,1998-11-03,0.016,98.9,9.5,360.0,0.034,0.002,7.5,13.4,0.223,0.01,20.654198173984945
220,1998-11-30,0.02,93.0,9.8,43.0,0.168,0.006,7.4,9.8,0.315,0.0115,62.5556804978419
221,1998-11-30,0.018,92.9,9.6,43.0,0.168,0.0059,7.4,9.8,0.304,0.011,61.76060623804552
222,1999-01-04,0.011,95.8,10.5,20.0,0.251,0.0102,7.5,7.7,0.369,0.0145,85.79261019758269
223,1999-01-04,0.011,96.5,10.4,20.0,0.241,0.01,7.5,7.7,0.392,0.0151,83.00430661444487
224,1999-02-02,0.012,94.0,11.5,59.0,0.29,0.0109,7.4,7.1,0.43,0.0168,98.70091616130783
225,1999-02-02,0.013,93.9,11.6,59.0,0.297,0.0112,7.4,7.1,0.436,0.0181,101.52090102171762
226,1999-03-02,0.01,87.7,11.7,15.0,0.326,0.0108,7.1,6.7,0.482,0.0171,109.08811113811161
227,1999-03-02,0.019,87.7,11.7,15.0,0.326,0.0115,7.1,6.7,0.446,0.0152,111.1544207215977
230,1999-04-05,0.01,85.3,12.4,28.0,0.277,0.0028,7.8,8.1,0.461,0.0168,94.32383290026908
231,1999-04-05,0.01,85.5,12.3,28.0,0.274,0.0028,7.8,8.1,0.459,0.0147,92.77757825403044
237,1999-05-03,0.01,100.0,11.7,43.0,0.205,0.002,7.8,11.0,0.374,0.0112,70.93113216022634
238,1999-05-03,0.01,99.9,11.7,43.0,0.21,0.002,7.8,10.9,0.363,0.0108,72.28399468545477
243,1999-06-07,0.01,108.0,10.32,26.0,0.117,0.002,7.8,15.2,0.385,0.015,45.776379928251956
244,1999-06-07,0.01,108.0,10.36,26.0,0.117,0.002,7.8,15.1,0.42,0.0218,47.8901174551585
246,1999-07-06,0.01,103.0,9.88,9.0,0.067,0.0022,7.7,18.7,0.317,0.0108,29.51775146579826
247,1999-07-06,0.01,103.0,9.87,9.0,0.068,0.0022,7.7,18.5,0.314,0.0096,29.43815274884924
250,1999-08-02,0.01,101.0,9.23,13.0,0.02,0.002,7.5,21.4,0.26,0.012,15.730317877886192
251,1999-08-02,0.01,102.0,9.11,13.0,0.02,0.002,7.5,21.3,0.262,0.0132,16.07698274343206
255,1999-09-07,0.01,115.0,8.6,40.0,0.02,0.002,7.5,19.5,0.26,0.0119,15.526135609208762
256,1999-09-07,0.01,114.0,8.6,40.0,0.02,0.002,7.5,19.4,0.277,0.0145,16.33653762572546
260,1999-10-04,0.026,136.0,9.0,16.0,0.02,0.0043,7.5,17.5,0.262,0.0187,22.321440612087468
261,1999-10-04,0.027,143.0,9.0,16.0,0.02,0.0039,7.5,17.6,0.264,0.0176,22.297128827490667
262,1999-11-01,0.021,95.5,9.4,200.0,0.122,0.0023,7.5,12.6,0.364,0.0117,49.316560096500005
263,1999-11-01,0.022,95.5,9.2,200.0,0.125,0.0022,7.5,12.6,0.388,0.0136,51.11806209201658
264,1999-12-08,0.021,110.0,9.6,110.0,0.219,0.0083,7.4,9.7,0.466,0.0226,81.84065744170856
265,1999-12-08,0.021,110.0,9.2,110.0,0.217,0.0083,7.3,9.7,0.421,0.0136,78.39823847935146
266,2000-01-03,0.047,103.6,10.22,110.0,0.295,0.0109,7.3,8.0,0.511,0.0167,110.78941075101791
267,2000-01-03,0.046,103.7,10.17,110.0,0.292,0.0108,7.3,8.0,0.488,0.017,109.62369729156407
268,2000-02-07,0.019,93.0,10.76,19.0,0.309,0.0108,7.5,7.6,0.468,0.0171,106.63481296664153
269,2000-02-07,0.017,93.0,10.81,19.0,0.306,0.0109,7.5,7.6,0.464,0.0172,105.160562409537
270,2000-03-06,0.011,103.5,11.63,29.0,0.3,0.0082,7.6,7.4,0.492,0.0156,101.17611096756151
271,2000-03-06,0.01,103.7,11.49,29.0,0.3,0.0082,7.6,7.4,0.478,0.0147,100.56220222128428
280,2000-05-01,0.01,93.1,11.2,20.0,0.15,0.002,8.1,11.6,0.402,0.0128,54.94254051356101
281,2000-05-01,0.01,93.6,10.3,20.0,0.151,0.002,7.6,11.1,0.377,0.0113,54.599360924642674
285,2000-06-06,0.014,94.9,9.8,130.0,0.02,0.002,8.6,17.3,0.245,0.0095,16.019714563040814
286,2000-06-06,0.018,94.9,9.8,130.0,0.02,0.002,8.6,17.3,0.328,0.0249,22.0210817925488
290,2000-07-03,0.022,102.4,8.3,14.0,0.065,0.002,7.5,19.5,0.331,0.0077,31.502096224725694
291,2000-07-03,0.02,102.5,8.4,14.0,0.061,0.002,7.5,19.5,0.286,0.0078,29.645652843861203
296,2000-08-07,0.01,91.7,7.6,35.0,0.02,0.002,7.4,21.7,0.223,0.01,14.907950167840584
297,2000-08-07,0.01,92.3,7.7,35.0,0.02,0.002,7.4,21.7,0.209,0.0099,14.858651438696068
302,2000-09-05,0.01,98.0,8.1,15.0,0.02,0.002,7.9,19.2,0.185,0.0068,13.781401818350863
303,2000-09-05,0.01,98.0,8.0,15.0,0.02,0.002,7.4,19.2,0.174,0.0075,13.938027095673036
307,2000-10-02,0.013,95.7,9.0,10.0,0.03,0.002,7.7,17.3,0.212,0.0081,18.09745473707031
308,2000-10-02,0.013,96.0,8.8,10.0,0.031,0.002,7.7,17.3,0.219,0.0076,18.242417482611167
309,2000-10-30,0.02,100.2,9.1,57.0,0.068,0.002,7.5,13.8,0.243,0.0069,31.115582746444613
310,2000-10-30,0.019,100.5,9.0,57.0,0.068,0.002,7.5,13.8,0.245,0.008,31.139876265596083
311,2000-12-05,0.013,95.8,9.5,21.0,0.126,0.002,7.5,9.2,0.361,0.0096,47.246093729310374
312,2000-12-05,0.014,95.8,9.3,21.0,0.129,0.002,7.4,9.2,0.304,0.009,48.12459379087898
313,2001-01-02,0.024,97.7,9.8,16.0,0.195,0.0044,7.3,8.0,0.371,0.0143,72.68877152500148
314,2001-01-02,0.024,97.6,9.8,16.0,0.196,0.0045,7.2,8.0,0.385,0.0103,71.81375048658686
315,2001-01-29,0.049,95.8,10.5,20.0,0.189,0.0033,7.1,7.0,0.388,0.011,77.42814934171925
316,2001-01-29,0.053,96.0,10.4,20.0,0.198,0.0034,7.1,6.9,0.385,0.009,80.71168977791967
317,2001-02-28,0.01,96.8,11.7,17.0,0.171,0.002,7.5,7.5,0.337,0.0107,60.25789080504136
318,2001-02-28,0.01,97.0,11.7,17.0,0.157,0.002,7.4,7.5,0.34,0.0113,56.234329620830536
323,2001-04-02,0.018,82.4,11.7,15.0,0.13,0.002,7.5,8.5,0.346,0.0172,52.37595747696915
324,2001-04-02,0.0185,82.4,11.7,15.0,0.129,0.002,7.5,8.5,0.3355,0.0169,52.113713209170655
325,2001-04-02,0.019,82.5,11.9,15.0,0.128,0.002,7.5,8.5,0.325,0.0166,51.871334958913195
326,2001-04-02,0.0185,82.5,11.89,15.0,0.129,0.002,7.5,8.5,0.3355,0.0169,52.13258609273633
328,2001-05-01,0.01,102.0,11.3,20.0,0.051,0.002,7.9,11.1,0.326,0.0151,25.704333957040376
329,2001-05-01,0.01,102.0,11.4,20.0,0.054,0.002,8.0,11.0,0.334,0.016,26.90063229442733
334,2001-05-29,0.01,99.6,10.1,19.0,0.02,0.002,7.8,16.1,0.246,0.0109,15.145516679860574
335,2001-05-29,0.01,99.1,9.9,19.0,0.02,0.002,7.9,16.1,0.247,0.0082,14.320739511013262
339,2001-07-03,0.01,101.0,9.4,4.0,0.02,0.002,7.8,19.8,0.179,0.0092,14.649922152269957
340,2001-07-03,0.01,101.0,9.5,4.0,0.02,0.002,7.8,19.7,0.187,0.013,15.812020082714414
345,2001-08-06,0.01,103.0,8.0,21.0,0.02,0.002,7.3,20.2,0.194,0.0087,14.398568815673151
346,2001-08-06,0.01,102.0,7.9,21.0,0.02,0.002,7.2,20.1,0.188,0.0092,14.516008796827517
351,2001-09-04,0.01,103.0,8.5,15.0,0.02,0.002,7.4,20.0,0.206,0.0124,15.57573286146444
352,2001-09-04,0.01,104.0,8.6,15.0,0.02,0.002,7.4,20.0,0.208,0.0124,15.589870123603838
357,2001-10-01,0.01,110.0,8.6,16.0,0.02,0.002,7.3,17.6,0.187,0.0159,16.446600074830613
358,2001-10-01,0.01,110.0,8.6,16.0,0.02,0.002,7.3,17.5,0.201,0.0163,16.58984599800066
359,2001-11-05,0.017,95.3,9.0,19.0,0.084,0.0029,7.6,12.0,0.24,0.0091,35.56400893803327
360,2001-11-05,0.017,95.5,9.0,19.0,0.085,0.0033,7.5,12.0,0.261,0.0095,36.029068208440876
361,2001-12-04,0.019,96.7,9.5,22.0,0.173,0.0075,7.5,9.4,0.321,0.0128,64.12496715053213
362,2001-12-04,0.019,96.6,9.5,22.0,0.171,0.0073,7.5,9.4,0.317,0.0133,63.663580802855115
363,2002-01-07,0.058,99.1,10.2,2300.0,0.22,0.0122,7.1,8.5,0.432,0.0214,93.20633668350897
364,2002-01-07,0.066,99.4,10.2,2300.0,0.221,0.0127,7.1,8.4,0.477,0.0214,96.00391352002156
367,2002-03-04,0.012,92.3,11.6,12.0,0.208,0.0068,7.5,7.5,0.45,0.0186,74.6302548870877
368,2002-03-04,0.01,92.8,11.6,12.0,0.216,0.0072,7.5,7.5,0.401,0.02,76.7559814693558
372,2002-04-01,0.011,96.2,12.8,10.0,0.174,0.0027,8.2,7.9,0.331,0.0147,62.81887112307115
373,2002-04-01,0.013,96.1,12.7,10.0,0.174,0.003,8.2,7.9,0.331,0.0153,63.593641393243324
377,2002-05-06,0.01,85.0,11.7,12.0,0.12,0.002,8.3,9.7,0.293,0.0063,43.689589701691006
378,2002-05-06,0.01,84.5,12.1,12.0,0.119,0.002,8.4,9.5,0.28,0.0055,43.153311337425684
382,2002-06-03,0.01,92.2,10.3,8.0,0.024,0.002,8.5,16.6,0.234,0.0071,15.258130585538815
383,2002-06-03,0.01,92.7,10.5,8.0,0.025,0.002,8.5,16.6,0.251,0.0102,16.54521097558679
388,2002-07-01,0.01,96.0,9.6,10.0,0.02,0.002,7.8,18.7,0.209,0.0111,15.236556956039607
389,2002-07-01,0.013,96.1,9.0,10.0,0.02,0.002,7.9,18.5,0.217,0.0121,16.387250473744334
393,2002-08-05,0.01,137.0,7.8,15.0,0.02,0.002,6.6,20.5,0.229,0.0121,15.462596317402129
394,2002-08-05,0.01,137.0,7.6,15.0,0.02,0.002,6.7,20.5,0.253,0.011,15.166496916369304
398,2002-09-04,0.01,111.0,8.6,21.0,0.02,0.002,7.2,20.8,0.207,0.0101,14.938766047758211
399,2002-09-04,0.01,102.0,8.2,21.0,0.02,0.002,7.2,20.5,0.237,0.0108,15.153231269155382
403,2002-10-07,0.022,150.0,8.1,13.0,0.02,0.0036,7.4,17.2,0.231,0.0137,19.43258651025745
404,2002-10-07,0.018,147.0,8.0,13.0,0.02,0.0034,7.4,17.2,0.223,0.0146,18.472150091673235
405,2002-11-04,0.011,98.0,10.4,28.0,0.02,0.002,7.2,11.8,0.206,0.0082,14.2939857137641
406,2002-11-04,0.012,98.0,9.9,28.0,0.02,0.002,7.2,11.8,0.196,0.0076,14.343635515768906
407,2002-12-03,0.038,102.0,9.8,130.0,0.06,0.002,6.8,9.9,0.294,0.0106,35.151171979317844
408,2002-12-03,0.04,102.0,10.1,130.0,0.061,0.002,6.9,9.9,0.276,0.009,35.56816346289223
409,2003-01-06,0.021,96.8,10.8,11.0,0.154,0.0075,7.1,8.4,0.313,0.0131,59.14056668554837
410,2003-01-06,0.017,96.2,10.7,11.0,0.154,0.0077,7.1,8.4,0.303,0.0132,57.94050618412332
411,2003-02-04,0.016,97.3,10.6,43.0,0.167,0.0086,7.2,8.2,0.578,0.0274,66.38340550246333
412,2003-02-04,0.014,97.6,10.4,43.0,0.17,0.0075,7.2,8.2,0.587,0.0284,66.96995671816569
413,2003-03-03,0.013,93.5,11.4,17.0,0.13,0.0048,7.1,8.0,0.274,0.0108,48.7581891852976
414,2003-03-03,0.014,93.9,11.4,17.0,0.134,0.0046,7.2,8.0,0.268,0.0107,50.219512466244396
419,2003-04-07,0.01,91.0,12.2,9.0,0.117,0.002,8.0,9.2,0.288,0.0091,43.62530647480554
420,2003-04-07,0.01,91.4,11.7,9.0,0.12,0.002,8.0,9.1,0.304,0.0099,44.744519887059525
426,2003-05-05,0.01,97.9,11.5,170.0,0.057,0.002,7.6,12.2,0.256,0.0127,26.739237471309732
427,2003-05-05,0.01,97.8,11.2,170.0,0.057,0.002,7.6,12.1,0.266,0.0127,26.724171742066584
431,2003-06-02,0.01,97.8,10.3,11.0,0.02,0.002,8.1,17.2,0.262,0.0132,15.968270061888289
432,2003-06-02,0.01,98.4,9.7,11.0,0.02,0.002,7.9,16.3,0.264,0.0164,16.8107323336468
436,2003-07-07,0.01,101.0,8.6,12.0,0.02,0.002,7.4,20.6,0.193,0.0084,14.393075776693747
437,2003-07-07,0.01,101.0,8.6,12.0,0.02,0.002,7.4,20.5,0.197,0.0085,14.425332081352414
441,2003-08-04,0.01,106.0,7.8,7.0,0.02,0.002,7.3,22.8,0.208,0.0107,15.165960487343014
442,2003-08-04,0.01,106.0,8.0,7.0,0.02,0.002,7.3,22.8,0.203,0.011,15.265518719992054
446,2003-09-02,0.01,105.0,7.8,13.0,0.02,0.002,7.5,21.7,0.187,0.011,15.154105674989415
447,2003-09-02,0.011,105.0,7.5,13.0,0.02,0.002,7.4,21.6,0.196,0.0109,15.403179633362354
454,2003-10-07,0.01,107.0,7.9,54.0,0.02,0.0023,7.4,18.0,0.222,0.0141,15.947790065477097
455,2003-10-07,0.01,107.0,7.9,54.0,0.02,0.002,7.4,18.0,0.211,0.0115,15.140136136246419
456,2003-11-03,0.011,100.0,9.5,33.0,0.031,0.0021,7.8,12.2,0.2095,0.0101,18.1389282724814
457,2003-11-03,0.01,100.0,9.6,38.0,0.031,0.002,7.8,12.1,0.204,0.0096,17.68024201180696
458,2003-11-03,0.011,101.0,9.7,35.5,0.031,0.002,7.8,12.1,0.215,0.0106,18.31358966534894
459,2003-12-03,0.017,101.0,9.3,27.0,0.133,0.0043,7.5,9.6,0.298,0.0129,51.4441711412768
460,2003-12-03,0.018,101.0,9.5,27.0,0.133,0.0044,7.5,9.6,0.281,0.0103,50.949092061396016
461,2004-01-05,0.025,97.7,11.2,25.0,0.171,0.0062,7.5,5.4,0.36,0.0138,65.6169422526648
462,2004-01-05,0.024,97.8,11.3,23.0,0.169,0.0062,7.5,5.4,0.355,0.0125,64.3242968745309
463,2004-01-05,0.024,97.7,11.1,24.0,0.169,0.0069,7.5,5.4,0.354,0.0124,64.28087896914901
464,2004-02-02,0.011,99.8,10.8,83.0,0.196,0.0061,7.5,7.1,0.331,0.0152,69.35461816716743
465,2004-02-02,0.012,100.0,10.6,83.0,0.195,0.0061,7.5,7.1,0.333,0.0134,68.79817325618735
466,2004-03-01,0.013,100.3,11.01,13.0,0.198,0.0058,7.4,7.7,0.38,0.0112,69.49520238196087
467,2004-03-01,0.019,100.4,11.11,13.0,0.199,0.0057,7.4,7.7,0.395,0.0104,71.3978522038152
471,2004-04-06,0.01,102.0,11.6,54.0,0.131,0.002,7.8,11.2,0.268,0.0124,48.84340186415334
472,2004-04-06,0.014,102.0,11.6,100.0,0.131,0.002,7.9,11.3,0.274,0.0127,50.16561038884638
473,2004-04-06,0.01,102.0,11.7,77.0,0.127,0.002,7.8,10.9,0.288,0.0125,47.70880691722173
477,2004-05-04,0.01,102.0,10.6,3.0,0.037,0.0024,7.9,15.9,0.257,0.0106,20.22933228234622
478,2004-05-04,0.01,102.0,10.8,3.0,0.034,0.002,7.9,15.9,0.263,0.0126,19.956482792011148
484,2004-06-08,0.012,97.2,9.2,25.0,0.02,0.002,7.8,17.6,0.263,0.0181,17.94836825007277
485,2004-06-08,0.014,96.9,9.4,25.0,0.02,0.002,7.8,17.1,0.275,0.0194,18.953996747714264
489,2004-07-06,0.01,103.5,7.65,56.0,0.02,0.002,6.95,21.2,0.232,0.0153,16.478422995618175
490,2004-07-06,0.01,104.0,7.9,56.0,0.02,0.002,7.0,21.2,0.2325,0.015449999999999998,16.55145367690917
491,2004-07-06,0.01,103.5,7.65,56.0,0.02,0.002,6.95,21.2,0.233,0.0156,16.5706361749077
492,2004-07-06,0.01,103.0,7.4,56.0,0.02,0.002,6.9,21.2,0.2325,0.015449999999999998,16.49760549361671
497,2004-08-03,0.01,112.5,7.5,12.0,0.02,0.002,7.55,23.55,0.296,0.0115,15.61751629524474
498,2004-08-03,0.01,113.0,7.5,12.0,0.02,0.002,7.6,23.6,0.2455,0.0112,15.427193983594455
499,2004-08-03,0.01,112.0,7.5,12.0,0.02,0.002,7.5,23.5,0.2455,0.0112,15.416871416875633
500,2004-08-03,0.01,112.5,7.5,12.0,0.02,0.002,7.55,23.55,0.195,0.0109,15.226549105225345
504,2004-09-07,0.01,108.5,7.9,5.0,0.02,0.002,7.55,21.049999999999997,0.193,0.0102,14.89724133851668
505,2004-09-07,0.01,109.0,8.0,5.0,0.02,0.002,7.6,21.2,0.1915,0.010950000000000001,15.140652907949901
506,2004-09-07,0.01,108.5,7.9,5.0,0.02,0.002,7.55,21.049999999999997,0.19,0.0117,15.341617066767116
507,2004-09-07,0.01,108.0,7.8,5.0,0.02,0.002,7.5,20.9,0.1915,0.010950000000000001,15.09820549733389
512,2004-10-04,0.01,106.0,8.5,14.0,0.02,0.002,7.400000000000001,17.7,0.191,0.0092,14.442005517295346
513,2004-10-04,0.01,106.0,8.5,13.0,0.02,0.002,7.400000000000001,17.7,0.173,0.0118,15.185387669313199
514,2004-10-04,0.01,106.0,8.6,13.5,0.02,0.002,7.4,17.7,0.17933333333333334,0.009933333333333334,14.64782482804748
515,2004-10-04,0.01,106.0,8.4,13.5,0.02,0.002,7.4,17.7,0.17933333333333334,0.009933333333333334,14.627962148540067
516,2004-10-04,0.01,106.0,8.5,13.5,0.02,0.002,7.400000000000001,17.7,0.174,0.0088,14.28628727827277
517,2004-10-04,0.01,106.0,8.5,13.5,0.02,0.002,7.4,17.7,0.17933333333333334,0.009933333333333334,14.637893488293773
521,2004-11-01,0.021,103.0,8.649999999999999,20.0,0.039,0.002,7.55,12.9,0.205,0.0081,22.881169934375844
522,2004-11-01,0.02,103.0,8.649999999999999,18.0,0.039,0.002,7.55,12.9,0.232,0.0099,23.177507991746307
523,2004-11-01,0.020666666666666667,103.0,8.6,19.0,0.03866666666666666,0.002,7.6,12.9,0.21933333333333335,0.008866666666666667,22.938063996200324
524,2004-11-01,0.021,103.0,8.649999999999999,19.0,0.038,0.002,7.55,12.9,0.221,0.0086,22.76417391582807
525,2004-11-01,0.020666666666666667,103.0,8.7,19.0,0.03866666666666666,0.002,7.5,12.9,0.21933333333333335,0.008866666666666667,22.943837231766494
526,2004-12-13,0.01,97.75,9.1,9.0,0.15,0.0045,7.6,9.5,0.273,0.012,54.103356015961324
527,2004-12-13,0.01,97.5,9.1,9.0,0.15,0.0045,7.5,9.5,0.2705,0.01185,54.04891043499562
528,2004-12-13,0.01,97.75,9.1,9.0,0.15,0.0045,7.6,9.5,0.268,0.0117,54.002797752573194
529,2004-12-13,0.01,98.0,9.1,9.0,0.15,0.0045,7.7,9.5,0.2705,0.01185,54.057243333538885
530,2005-01-03,0.01,97.53333333333335,9.766666666666667,26.0,0.213,0.0065,7.6000000000000005,7.8,0.348,0.0145,73.92634409132967
531,2005-01-03,0.01,97.53333333333335,9.766666666666667,25.0,0.213,0.0067,7.6000000000000005,7.8,0.343,0.0149,74.03832049027925
532,2005-01-03,0.01,97.7,9.8,25.5,0.213,0.0067,7.6,7.8,0.34900000000000003,0.015400000000000002,74.2044480607596
533,2005-01-03,0.01,97.7,9.8,25.5,0.213,0.0067,7.5,7.8,0.34900000000000003,0.015400000000000002,74.20028995657206
534,2005-01-03,0.01,97.53333333333335,9.766666666666667,25.5,0.213,0.0069,7.6000000000000005,7.8,0.356,0.0168,74.63873157074802
535,2005-01-03,0.01,97.2,9.7,25.5,0.213,0.0067,7.7,7.8,0.34900000000000003,0.015400000000000002,74.19865813502524
536,2005-02-07,0.012,98.35,10.649999999999999,26.0,0.2,0.0059,7.55,7.5,0.37,0.0151,70.90791421111571
537,2005-02-07,0.014,98.7,10.7,26.0,0.2,0.006,7.5,7.5,0.3725,0.01485,71.44297017990014
538,2005-02-07,0.016,98.35,10.649999999999999,26.0,0.2,0.0061,7.55,7.5,0.375,0.0146,71.97222954688291
539,2005-02-07,0.014,98.0,10.6,26.0,0.2,0.006,7.6,7.5,0.3725,0.01485,71.4371735780985
540,2005-03-07,0.01,99.69999999999999,11.3,19.0,0.144,0.002,7.9,9.3,0.347,0.0151,53.576886115220766
541,2005-03-07,0.01,99.6,11.2,19.0,0.146,0.002,7.9,9.4,0.3475,0.0152,54.20501401299477
542,2005-03-07,0.01,99.69999999999999,11.3,19.0,0.148,0.002,7.9,9.3,0.348,0.0153,54.84074910195369
543,2005-03-07,0.01,99.8,11.4,19.0,0.146,0.002,7.9,9.2,0.3475,0.0152,54.21262120417969
547,2005-04-04,0.016,98.55,11.149999999999999,12.0,0.143,0.002,7.7,8.8,0.375,0.0119,54.12100224896163
548,2005-04-04,0.0155,99.6,11.2,12.0,0.14100000000000001,0.002,7.7,8.8,0.3635,0.0119,53.350953282534256
549,2005-04-04,0.015,98.55,11.149999999999999,12.0,0.139,0.002,7.7,8.8,0.352,0.0119,52.570902877646745
550,2005-04-04,0.0155,97.5,11.1,12.0,0.14100000000000001,0.002,7.7,8.8,0.3635,0.0119,53.34095184407413
555,2005-05-02,0.01,100.5,10.75,17.0,0.02,0.002,8.9,14.899999999999999,0.347,0.0196,18.006330621122963
556,2005-05-02,0.01,101.0,11.1,17.0,0.02,0.002,8.9,15.1,0.3585,0.02165,18.693228488079043
557,2005-05-02,0.01,100.5,10.75,17.0,0.02,0.002,8.9,14.899999999999999,0.37,0.0237,19.286049267643232
558,2005-05-02,0.01,100.0,10.4,17.0,0.02,0.002,8.9,14.7,0.3585,0.02165,18.599151400687152
564,2005-06-06,0.01,103.0,9.5,13.0,0.041,0.002,7.4,17.1,0.286,0.0137,22.363250389342785
565,2005-06-06,0.0115,103.0,9.5,13.0,0.0415,0.002,7.4,17.1,0.304,0.013850000000000001,23.0467127770181
566,2005-06-06,0.013,103.0,9.5,13.0,0.042,0.002,7.4,17.1,0.322,0.014,23.73017516469342
567,2005-06-06,0.0115,103.0,9.5,13.0,0.0415,0.002,7.4,17.1,0.304,0.013850000000000001,23.0467127770181
571,2005-07-05,0.01,105.5,8.8,5.0,0.02,0.002,7.65,20.2,0.29,0.0142,16.342627560411223
572,2005-07-05,0.01,106.0,8.7,5.0,0.02,0.002,7.6,20.2,0.291,0.01375,16.197529767359278
573,2005-07-05,0.01,105.5,8.8,5.0,0.02,0.002,7.65,20.2,0.292,0.0133,16.076419377665893
574,2005-07-05,0.01,105.0,8.9,5.0,0.02,0.002,7.7,20.2,0.291,0.01375,16.22151717071783
580,2005-08-01,0.01,107.0,8.2,7.0,0.02,0.002,7.55,23.2,0.218,0.0114,15.471797645473846
581,2005-08-01,0.01,107.0,8.2,7.0,0.02,0.002,7.5,23.2,0.2205,0.0115,15.50497657369666
582,2005-08-01,0.01,107.0,8.2,7.0,0.02,0.002,7.55,23.2,0.223,0.0116,15.542313606107014
583,2005-08-01,0.01,107.0,8.2,7.0,0.02,0.002,7.6,23.2,0.2205,0.0115,15.509134677884198
587,2005-09-06,0.01,113.5,7.4,160.0,0.02,0.002,7.7,20.85,0.255,0.0206,18.12102520430954
588,2005-09-06,0.01,114.0,7.5,160.0,0.02,0.002,7.7,20.9,0.238,0.016550000000000002,16.881858906334003
589,2005-09-06,0.01,113.5,7.4,160.0,0.02,0.002,7.7,20.85,0.221,0.0125,15.616665466319766
590,2005-09-06,0.01,113.0,7.3,160.0,0.02,0.002,7.7,20.8,0.238,0.016550000000000002,16.855831764295306
594,2005-10-03,0.013,106.66666666666667,8.266666666666667,23.0,0.02,0.002,7.5,16.766666666666666,0.168,0.0109,15.731276881552073
595,2005-10-03,0.015,107.0,8.5,23.0,0.023,0.00215,7.5,16.9,0.1725,0.01085,17.260920654829395
596,2005-10-03,0.017,106.66666666666667,8.266666666666667,23.0,0.026,0.0023,7.5,16.766666666666666,0.177,0.0108,18.727846369845455
597,2005-10-03,0.015,106.0,8.1,23.0,0.023,0.00215,7.5,16.7,0.1725,0.01085,17.2088997510884
598,2005-10-03,0.015,107.0,8.2,23.0,0.023,0.00215,7.5,16.7,0.1725,0.01085,17.2188644711785
602,2005-11-07,0.022,105.0,9.05,16.0,0.06,0.0021,7.85,12.3,0.286,0.0098,30.186205906819335
603,2005-11-07,0.0215,105.0,9.2,16.0,0.0625,0.00225,7.8,12.3,0.28200000000000003,0.01005,30.8684331304094
604,2005-11-07,0.021,105.0,9.05,16.0,0.065,0.0024,7.85,12.3,0.278,0.0103,31.52502443892589
605,2005-11-07,0.0215,105.0,8.9,16.0,0.0625,0.00225,7.9,12.3,0.28200000000000003,0.01005,30.84279721533582
606,2005-12-05,0.032,102.0,9.45,8.0,0.146,0.0039,7.25,8.649999999999999,0.324,0.011,59.27780630498763
607,2005-12-05,0.032,102.0,9.6,8.0,0.148,0.00385,7.1,8.6,0.317,0.00955,59.43342853916407
608,2005-12-05,0.032,102.0,9.45,8.0,0.15,0.0038,7.25,8.649999999999999,0.31,0.0081,59.57786214883688
609,2005-12-05,0.032,102.0,9.3,8.0,0.148,0.00385,7.4,8.7,0.317,0.00955,59.422239914660445
610,2006-01-03,0.017,104.0,8.95,20.0,0.193,0.0065,7.4,8.2,0.288,0.0147,69.89008206880287
611,2006-01-03,0.0175,104.0,9.1,20.0,0.1895,0.00655,7.4,8.2,0.2935,0.0148,69.0458276352303
612,2006-01-03,0.018,104.0,8.95,20.0,0.186,0.0066,7.4,8.2,0.299,0.0149,68.1717791823966
613,2006-01-03,0.0175,104.0,8.8,20.0,0.1895,0.00655,7.4,8.2,0.2935,0.0148,69.01603361596918
614,2006-02-06,0.017,102.0,11.25,12.0,0.288,0.0091,7.95,7.4,0.402,0.0212,100.8529544965572
615,2006-02-06,0.018000000000000002,102.0,11.3,12.0,0.288,0.0091,7.9,7.4,0.4005,0.0199,100.76258479953844
616,2006-02-06,0.019,102.0,11.25,12.0,0.288,0.0091,7.95,7.4,0.399,0.0186,100.6664418669535
617,2006-02-06,0.018000000000000002,102.0,11.2,12.0,0.288,0.0091,8.0,7.4,0.4005,0.0199,100.75681156397226
618,2006-03-06,0.025,89.3,11.7,14.0,0.256,0.0047,7.7,7.6,0.467,0.0168,92.45013736277755
619,2006-03-06,0.026500000000000003,89.3,11.7,14.0,0.2565,0.00455,7.7,7.6,0.476,0.0195,93.87909949331717
620,2006-03-06,0.028,89.3,11.7,14.0,0.257,0.0044,7.7,7.6,0.485,0.0222,95.3080616238568
621,2006-03-06,0.026500000000000003,89.3,11.7,14.0,0.2565,0.00455,7.7,7.6,0.476,0.0195,93.87909949331717
625,2006-04-03,0.01,100.25,12.4,3.0,0.155,0.002,8.850000000000001,9.2,0.377,0.0159,57.32446251642985
626,2006-04-03,0.01,100.25,12.4,9.0,0.153,0.002,8.850000000000001,9.2,0.385,0.0156,56.65116876826726
627,2006-04-03,0.01,100.0,12.4,6.0,0.15666666666666665,0.002,8.9,9.3,0.37966666666666665,0.015466666666666665,57.70924395251344
628,2006-04-03,0.01,101.0,12.4,6.0,0.15666666666666665,0.002,8.8,9.3,0.37966666666666665,0.015466666666666665,57.70511922866229
629,2006-04-03,0.01,100.25,12.4,6.0,0.162,0.002,8.850000000000001,9.2,0.377,0.0149,59.12749520522953
630,2006-04-03,0.01,100.0,12.4,6.0,0.15666666666666665,0.002,8.9,9.2,0.37966666666666665,0.015466666666666665,57.703112870318556
631,2006-04-03,0.01,100.0,12.4,6.0,0.15666666666666665,0.002,8.8,9.0,0.37966666666666665,0.015466666666666665,57.686692601741235
636,2006-05-01,0.01,102.0,12.1,3.5,0.106,0.002,8.5,12.0,0.403,0.012833333333333334,41.864143682367235
637,2006-05-01,0.01,102.33333333333333,12.199999999999998,4.0,0.106,0.002,8.5,12.0,0.415,0.0144,42.36986656494025
638,2006-05-01,0.01,102.33333333333333,12.199999999999998,3.0,0.106,0.002,8.5,12.0,0.395,0.0129,41.877341761955485
639,2006-05-01,0.01,102.0,12.2,3.5,0.106,0.002,8.5,12.0,0.403,0.012833333333333334,41.87407502212094
640,2006-05-01,0.01,102.33333333333333,12.199999999999998,3.5,0.106,0.002,8.5,12.0,0.399,0.0112,41.37505011980347
641,2006-05-01,0.01,103.0,12.3,3.5,0.106,0.002,8.5,12.0,0.403,0.012833333333333334,41.88403974221104
645,2006-06-05,0.01,100.63333333333333,9.233333333333333,25.0,0.02,0.002,9.033333333333333,16.900000000000002,0.23,0.0143,16.148858508493298
646,2006-06-05,0.01,101.0,9.2,25.0,0.02,0.002,9.0,17.1,0.23249999999999998,0.01415,16.116588654455192
647,2006-06-05,0.01,100.63333333333333,9.233333333333333,25.0,0.02,0.002,9.033333333333333,16.900000000000002,0.235,0.014,16.069162955351672
648,2006-06-05,0.01,101.0,9.2,25.0,0.02,0.002,9.0,17.0,0.23249999999999998,0.01415,16.110457572260305
649,2006-06-05,0.01,99.9,9.3,25.0,0.02,0.002,9.1,16.6,0.23249999999999998,0.01415,16.099985969051957
654,2006-07-06,0.013,105.0,8.05,15.0,0.02,0.002,7.8,20.9,0.256,0.0122,16.548418778121057
655,2006-07-06,0.0115,105.0,8.1,15.0,0.02,0.002,7.8,20.9,0.24,0.0142,16.670215625378308
656,2006-07-06,0.0115,105.0,8.0,15.0,0.02,0.002,7.8,20.9,0.24,0.0142,16.660284285624602
657,2006-07-06,0.01,105.0,8.05,15.0,0.02,0.002,7.8,20.9,0.224,0.0162,16.78208113288185
661,2006-08-07,0.01,111.0,7.75,79.0,0.02,0.002,7.2,22.05,0.242,0.0129,15.85475293799746
662,2006-08-07,0.01,111.0,7.8,79.0,0.02,0.002,7.2,22.1,0.2375,0.014499999999999999,16.334072773440177
663,2006-08-07,0.01,111.0,7.75,79.0,0.02,0.002,7.2,22.05,0.233,0.0161,16.797330186934296
664,2006-08-07,0.01,111.0,7.7,79.0,0.02,0.002,7.2,22.0,0.2375,0.014499999999999999,16.31801035149158
668,2006-09-06,0.01,116.66666666666667,8.266666666666667,12.0,0.02,0.002,7.7,21.099999999999998,0.206,0.0105,15.06163387416322
669,2006-09-06,0.01,113.0,8.3,12.0,0.02,0.002,7.7,21.2,0.22499999999999998,0.01245,15.69641706156595
670,2006-09-06,0.01,118.0,8.3,12.0,0.02,0.002,7.7,21.1,0.22499999999999998,0.01245,15.690452881053032
671,2006-09-06,0.01,116.66666666666667,8.266666666666667,12.0,0.02,0.002,7.7,21.099999999999998,0.244,0.0144,16.312561980543318
672,2006-09-06,0.01,119.0,8.2,12.0,0.02,0.002,7.7,21.0,0.22499999999999998,0.01245,15.67442383944083
679,2006-10-02,0.018,173.5,7.9,15.0,0.02,0.002,7.75,18.2,0.155,0.0142,18.260437869535213
680,2006-10-02,0.019999999999999997,170.0,7.9,15.0,0.020999999999999998,0.0023,8.0,18.2,0.20900000000000002,0.01515,19.573650969309245
681,2006-10-02,0.022,173.5,7.9,15.0,0.022,0.0026,7.75,18.2,0.263,0.0161,20.866307210500352
682,2006-10-02,0.019999999999999997,177.0,7.9,15.0,0.020999999999999998,0.0023,7.5,18.2,0.20900000000000002,0.01515,19.55309411072632
685,2006-11-07,0.02,102.0,9.366666666666665,50.0,0.069,0.002,7.5,12.933333333333332,0.231,0.0084,31.813858786444143
686,2006-11-07,0.019,102.0,9.366666666666665,30.0,0.069,0.002,7.5,12.933333333333332,0.222,0.008,31.37119328530527
687,2006-11-07,0.019,102.0,9.5,40.0,0.069,0.002,7.5,12.9,0.24300000000000002,0.010966666666666666,32.31910646250048
688,2006-11-07,0.019,102.0,9.4,40.0,0.069,0.002,7.5,12.9,0.24300000000000002,0.010966666666666666,32.30917512274677
689,2006-11-07,0.018,102.0,9.366666666666665,40.0,0.069,0.002,7.5,12.933333333333332,0.276,0.0165,33.73867303893209
690,2006-11-07,0.019,102.0,9.2,40.0,0.069,0.002,7.5,13.0,0.24300000000000002,0.010966666666666666,32.29544352543425
691,2006-12-04,0.018,100.33333333333333,10.133333333333333,6.0,0.178,0.004,7.400000000000001,8.5,0.37,0.0129,65.41791408421243
692,2006-12-04,0.016,100.33333333333333,10.133333333333333,11.0,0.178,0.0043,7.400000000000001,8.5,0.356,0.013,64.8223318196906
693,2006-12-04,0.016666666666666666,100.0,10.2,8.5,0.18000000000000002,0.004233333333333333,7.4,8.5,0.3546666666666667,0.013566666666666666,65.79631444946651
694,2006-12-04,0.016666666666666666,100.0,10.1,8.5,0.18000000000000002,0.004233333333333333,7.4,8.5,0.3546666666666667,0.013566666666666666,65.7863831097128
695,2006-12-04,0.016,100.33333333333333,10.133333333333333,8.5,0.184,0.0044,7.400000000000001,8.5,0.338,0.0148,67.12886814532547
696,2006-12-04,0.016666666666666666,101.0,10.1,8.5,0.18000000000000002,0.004233333333333333,7.4,8.5,0.3546666666666667,0.013566666666666666,65.7864164900492
697,2007-01-03,0.027,98.86666666666667,9.866666666666667,200.0,0.241,0.0077,7.599999999999999,7.7,0.443,0.0194,89.16259634651641
698,2007-01-03,0.027,98.7,9.9,200.0,0.24,0.0076,7.6,7.7,0.444,0.0194,88.86636278107645
699,2007-01-03,0.027,98.86666666666667,9.866666666666667,200.0,0.239,0.0075,7.599999999999999,7.7,0.445,0.0194,88.56351944924612
700,2007-01-03,0.027,99.1,9.9,200.0,0.24,0.0076,7.6,7.7,0.444,0.0194,88.866376133211
701,2007-01-03,0.027,98.8,9.8,200.0,0.24,0.0076,7.6,7.7,0.444,0.0194,88.85643477935638
702,2007-02-13,0.011,98.25,10.25,49.0,0.222,0.0045,7.7,7.15,0.415,0.0156,77.39290882839883
703,2007-02-13,0.011,98.7,10.2,49.0,0.2215,0.00455,7.7,7.2,0.413,0.015099999999999999,77.08702899722701
704,2007-02-13,0.011,98.25,10.25,49.0,0.221,0.0046,7.7,7.15,0.411,0.0146,76.78491938131125
705,2007-02-13,0.011,97.8,10.3,49.0,0.2215,0.00455,7.7,7.1,0.413,0.015099999999999999,77.09079921248308
706,2007-03-12,0.01,99.0,11.466666666666667,8.0,0.212,0.0033,7.8,7.266666666666667,0.409,0.0162,74.3669802915542
707,2007-03-12,0.01,99.0,11.466666666666667,8.0,0.21,0.0033,7.8,7.266666666666667,0.403,0.0152,73.45319358275754
708,2007-03-12,0.01,99.2,11.9,8.0,0.212,0.0034000000000000002,7.8,7.3,0.4106666666666667,0.0161,74.38670297501548
709,2007-03-12,0.01,98.9,11.6,8.0,0.212,0.0034000000000000002,7.8,7.3,0.4106666666666667,0.0161,74.35689894165344
710,2007-03-12,0.01,99.0,11.466666666666667,8.0,0.214,0.0036,7.8,7.266666666666667,0.42,0.0169,75.20467652353983
711,2007-03-12,0.01,98.9,10.9,8.0,0.212,0.0034000000000000002,7.8,7.2,0.4106666666666667,0.0161,74.28124848118262
716,2007-04-10,0.01,99.05000000000001,10.55,11.0,0.169,0.0061,8.1,8.7,0.348,0.0126,60.28346412312458
717,2007-04-10,0.0115,99.9,10.6,11.0,0.1845,0.0061,8.4,9.4,0.3555,0.01235,65.3915827983547
718,2007-04-10,0.013,99.05000000000001,10.55,11.0,0.2,0.0061,8.1,8.7,0.363,0.0121,70.37892961140558
719,2007-04-10,0.0115,98.2,10.5,11.0,0.1845,0.0061,7.8,8.0,0.3555,0.01235,65.27081093617547
725,2007-05-14,0.01,99.55,9.6,12.0,0.02,0.002,8.7,14.149999999999999,0.314,0.019,17.58786421161893
726,2007-05-14,0.01,99.5,9.6,12.0,0.0205,0.002,8.7,14.2,0.32,0.01935,17.858805283264605
727,2007-05-14,0.01,99.55,9.6,12.0,0.021,0.002,8.7,14.149999999999999,0.326,0.0197,18.123618610749034
728,2007-05-14,0.01,99.6,9.6,12.0,0.0205,0.002,8.7,14.1,0.32,0.01935,17.852677539103354
734,2007-06-11,0.018,103.0,8.1,5.0,0.02,0.002,8.1,17.3,0.348,0.0329,24.25623337149016
735,2007-06-11,0.0165,103.0,8.1,5.0,0.02,0.002,8.1,17.3,0.306,0.0257,21.55492964877343
736,2007-06-11,0.015,103.0,8.1,5.0,0.02,0.002,8.1,17.3,0.264,0.0185,18.8536259260567
737,2007-06-11,0.0165,103.0,8.1,5.0,0.02,0.002,8.1,17.3,0.306,0.0257,21.55492964877343
741,2007-07-09,0.01,104.0,8.149999999999999,8.0,0.02,0.002,7.65,21.45,0.252,0.0144,16.335963139019025
742,2007-07-09,0.01,104.0,8.2,8.0,0.02,0.002,7.7,21.7,0.2555,0.01495,16.53087018021542
743,2007-07-09,0.01,104.0,8.149999999999999,8.0,0.02,0.002,7.65,21.45,0.259,0.0155,16.681032366496126
744,2007-07-09,0.01,104.0,8.1,8.0,0.02,0.002,7.6,21.2,0.2555,0.01495,16.486125325299728
751,2007-08-13,0.01,103.0,7.9,5.0,0.02,0.002,7.6,20.75,0.251,0.0131,15.872974051499117
752,2007-08-13,0.01,103.0,8.0,5.0,0.02,0.002,7.6,20.8,0.2485,0.0131,15.880755254788639
753,2007-08-13,0.01,103.0,7.9,5.0,0.02,0.002,7.6,20.75,0.246,0.0131,15.862542696375865
754,2007-08-13,0.01,103.0,7.8,5.0,0.02,0.002,7.6,20.7,0.2485,0.0131,15.85476149308634
760,2007-09-10,0.01,105.5,5.2,15.0,0.025,0.002,7.5,20.65,0.216,0.0127,16.905196995146788
761,2007-09-10,0.01,106.0,5.2,15.0,0.0225,0.002,7.5,20.7,0.2235,0.01245,16.097762933335932
762,2007-09-10,0.01,105.5,5.2,15.0,0.02,0.002,7.5,20.65,0.231,0.0122,15.284164408993794
763,2007-09-10,0.01,105.0,5.2,15.0,0.0225,0.002,7.5,20.6,0.2235,0.01245,16.09159847080465
770,2007-10-01,0.017,117.0,8.850000000000001,13.0,0.02,0.0027,7.6,16.55,0.27,0.0186,19.514941219632124
771,2007-10-01,0.0155,118.0,8.9,13.0,0.02,0.00255,7.6,16.6,0.2495,0.0157,18.156573395554002
772,2007-10-01,0.014,117.0,8.850000000000001,13.0,0.02,0.0024,7.6,16.55,0.229,0.0128,16.78207638885449
773,2007-10-01,0.0155,116.0,8.8,13.0,0.02,0.00255,7.6,16.5,0.2495,0.0157,18.140444212932614
779,2007-11-13,0.014,104.0,9.8,7.0,0.069,0.002,7.666666666666667,11.1,0.278,0.0082,29.979832149943007
780,2007-11-13,0.013,104.0,9.8,8.0,0.068,0.002,7.666666666666667,11.1,0.267,0.0084,29.416286560249972
781,2007-11-13,0.013333333333333334,104.0,9.8,7.5,0.06833333333333334,0.002,7.6,11.1,0.27,0.008,29.49980369062843
782,2007-11-13,0.013333333333333334,104.0,9.8,7.5,0.06833333333333334,0.002,7.7,11.1,0.27,0.008,29.503961794815968
783,2007-11-13,0.013,104.0,9.8,7.5,0.068,0.002,7.666666666666667,11.1,0.265,0.0074,29.111608570067393
784,2007-11-13,0.013333333333333334,104.0,9.8,7.5,0.06833333333333334,0.002,7.7,11.1,0.27,0.008,29.503961794815968
785,2007-12-10,0.016,99.5,9.8,11.0,0.139,0.0053,7.6,8.4,0.321,0.0135,53.16409553765816
786,2007-12-10,0.017,99.5,9.9,11.0,0.14,0.0052499999999999995,7.6,8.4,0.3125,0.0121,53.33594654417699
787,2007-12-10,0.018,99.5,9.8,11.0,0.141,0.0052,7.6,8.4,0.304,0.0107,53.48793487118841
788,2007-12-10,0.017,99.5,9.7,11.0,0.14,0.0052499999999999995,7.6,8.4,0.3125,0.0121,53.31608386466958
789,2008-01-15,0.013,97.7,11.05,6.0,0.207,0.01,7.5,6.8,0.358,0.0152,73.35698506948029
790,2008-01-15,0.013,97.5,11.1,6.0,0.207,0.0097,7.5,6.8,0.3635,0.0152,73.36981347759485
791,2008-01-15,0.013,97.7,11.05,6.0,0.207,0.0094,7.5,6.8,0.369,0.0152,73.37272389809024
792,2008-01-15,0.013,97.9,11.0,6.0,0.207,0.0097,7.5,6.8,0.3635,0.0152,73.3598954899757
793,2008-02-11,0.01,99.9,11.850000000000001,4.0,0.209,0.0088,7.7,6.25,0.361,0.0164,73.46269791147994
794,2008-02-11,0.012,99.8,11.9,4.0,0.2075,0.0089,7.7,6.3,0.367,0.01645,73.64967776783095
795,2008-02-11,0.014,99.9,11.850000000000001,4.0,0.206,0.009,7.7,6.25,0.373,0.0165,73.82060187830065
796,2008-02-11,0.012,100.0,11.8,4.0,0.2075,0.0089,7.7,6.2,0.367,0.01645,73.63362202194963
797,2008-03-10,0.01,101.0,13.1,3.0,0.128,0.0024,7.9,7.6,0.327,0.0143,48.56480225434828
798,2008-03-10,0.01,101.0,13.2,3.0,0.129,0.00245,7.9,7.6,0.3375,0.0152,49.16804403826012
799,2008-03-10,0.01,101.0,13.1,3.0,0.13,0.0025,7.9,7.6,0.348,0.0161,49.751423142664564
800,2008-03-10,0.01,101.0,13.0,3.0,0.129,0.00245,7.9,7.6,0.3375,0.0152,49.14818135875271
806,2008-04-14,0.01,101.0,12.933333333333332,7.0,0.079,0.002,8.8,9.4,0.297,0.0112,32.97725716877688
807,2008-04-14,0.01,101.0,12.933333333333332,5.0,0.08,0.002,8.8,9.4,0.305,0.0105,33.0837445629042
808,2008-04-14,0.01,101.0,12.9,6.0,0.07833333333333332,0.002,8.8,9.5,0.299,0.010933333333333335,32.70369067955617
809,2008-04-14,0.01,101.0,12.9,6.0,0.07833333333333332,0.002,8.8,9.5,0.299,0.010933333333333335,32.70369067955617
810,2008-04-14,0.01,101.0,12.933333333333332,6.0,0.076,0.002,8.8,9.4,0.295,0.0111,32.04160840015646
811,2008-04-14,0.01,101.0,13.0,6.0,0.07833333333333332,0.002,8.8,9.2,0.299,0.010933333333333335,32.6952287727252
817,2008-05-12,0.01,102.33333333333333,11.633333333333333,8.0,0.057,0.0022,8.2,11.233333333333334,0.279,0.0093,25.720553796050538
818,2008-05-12,0.01,102.33333333333333,11.633333333333333,1.0,0.057,0.002,8.2,11.233333333333334,0.27,0.0088,25.54800857066184
819,2008-05-12,0.01,102.0,11.7,4.5,0.057,0.0020666666666666667,8.2,11.2,0.27666666666666667,0.009566666666666666,25.798185509765524
820,2008-05-12,0.01,102.0,11.6,4.5,0.057,0.0020666666666666667,8.2,11.3,0.27666666666666667,0.009566666666666666,25.79438525220671
821,2008-05-12,0.01,102.33333333333333,11.633333333333333,4.5,0.057,0.002,8.2,11.233333333333334,0.281,0.0106,26.11229594560808
822,2008-05-12,0.01,103.0,11.6,4.5,0.057,0.0020666666666666667,8.2,11.2,0.27666666666666667,0.009566666666666666,25.788287550348212
826,2008-06-10,0.01,99.5,10.299999999999999,19.0,0.038,0.002,8.1,13.166666666666666,0.257,0.0098,20.098103403039406
827,2008-06-10,0.01,99.5,10.299999999999999,60.0,0.042,0.002,8.1,13.166666666666666,0.269,0.0116,21.872350702985397
828,2008-06-10,0.01,99.8,10.4,39.5,0.04066666666666666,0.002,8.2,13.4,0.265,0.0104,21.12796002166013
829,2008-06-10,0.01,99.7,10.4,39.5,0.04066666666666666,0.002,8.2,13.4,0.265,0.0104,21.12795668362649
830,2008-06-10,0.01,99.5,10.299999999999999,39.5,0.042,0.002,8.1,13.166666666666666,0.269,0.0098,21.32821000946485
831,2008-06-10,0.01,99.0,10.1,39.5,0.04066666666666666,0.002,7.9,12.7,0.265,0.0104,21.042747410203056
837,2008-07-14,0.01,101.0,8.666666666666666,4.0,0.02,0.002,7.666666666666667,21.633333333333336,0.204,0.0099,14.946404256966673
838,2008-07-14,0.01,101.0,8.666666666666666,3.0,0.02,0.002,7.666666666666667,21.633333333333336,0.204,0.01,14.976281718554253
839,2008-07-14,0.01,101.0,8.7,3.5,0.02,0.002,7.7,21.7,0.20133333333333334,0.009866666666666668,14.93952821550927
840,2008-07-14,0.01,101.0,8.7,3.5,0.02,0.002,7.7,21.7,0.20133333333333334,0.009866666666666668,14.93952821550927
841,2008-07-14,0.01,101.0,8.666666666666666,3.5,0.02,0.002,7.666666666666667,21.633333333333336,0.196,0.0097,14.869547062675863
842,2008-07-14,0.01,101.0,8.6,3.5,0.02,0.002,7.6,21.5,0.20133333333333334,0.009866666666666668,14.913176607178247
848,2008-08-11,0.01,102.33333333333333,8.666666666666666,28.0,0.02,0.002,7.599999999999999,20.5,0.229,0.0122,15.621277023412175
849,2008-08-11,0.01,102.33333333333333,8.666666666666666,44.0,0.02,0.002,7.599999999999999,20.5,0.218,0.0119,15.510838592554222
850,2008-08-11,0.01,103.0,8.7,36.0,0.02,0.002,7.6,20.5,0.22633333333333336,0.0123,15.650407366249269
851,2008-08-11,0.01,102.0,8.7,36.0,0.02,0.002,7.6,20.5,0.22633333333333336,0.0123,15.650373985912875
852,2008-08-11,0.01,102.33333333333333,8.666666666666666,36.0,0.02,0.002,7.599999999999999,20.5,0.232,0.0128,15.809108382354916
853,2008-08-11,0.01,102.0,8.6,36.0,0.02,0.002,7.6,20.5,0.22633333333333336,0.0123,15.640442646159169
859,2008-09-10,0.01,101.25,8.425,3.0,0.02,0.002,7.7,19.8,0.195,0.0082,14.281734298245322
860,2008-09-10,0.01,101.25,8.425,5.0,0.02,0.002,7.7,19.8,0.198,0.0084,14.348407399163946
861,2008-09-10,0.01,101.0,8.5,4.0,0.02,0.002,7.7,19.8,0.20066666666666666,0.008966666666666666,14.531485822738247
862,2008-09-10,0.01,101.0,8.5,4.0,0.02,0.002,7.7,19.8,0.20066666666666666,0.008966666666666666,14.531485822738247
863,2008-09-10,0.01,101.25,8.425,4.0,0.02,0.002,7.7,19.8,0.209,0.0103,14.941995291611937
864,2008-09-10,0.01,101.0,8.3,4.0,0.02,0.002,7.7,19.8,0.20066666666666666,0.008966666666666666,14.511623143230837
865,2008-09-10,0.01,102.0,8.4,4.0,0.02,0.002,7.7,19.8,0.20066666666666666,0.008966666666666666,14.521587863320937
871,2008-10-13,0.025,167.33333333333334,8.566666666666666,7.0,0.025,0.0037,7.400000000000001,15.6,0.261,0.0202,23.80034871513515
872,2008-10-13,0.025,167.33333333333334,8.566666666666666,6.0,0.026,0.0035,7.400000000000001,15.6,0.265,0.0215,24.49709853721003
873,2008-10-13,0.025000000000000005,167.0,8.7,6.5,0.026,0.003533333333333333,7.4,15.6,0.265,0.020633333333333333,24.250445557513622
874,2008-10-13,0.025000000000000005,167.0,8.5,6.5,0.026,0.003533333333333333,7.4,15.6,0.265,0.020633333333333333,24.23058287800621
875,2008-10-13,0.025,167.33333333333334,8.566666666666666,6.5,0.027,0.0034,7.400000000000001,15.6,0.269,0.0202,24.414197441517242
876,2008-10-13,0.025000000000000005,168.0,8.5,6.5,0.026,0.003533333333333333,7.4,15.6,0.265,0.020633333333333333,24.230616258342607
882,2008-11-12,0.01,95.43333333333334,9.133333333333333,6.0,0.05,0.002,7.5,12.5,0.217,0.0088,23.135339046337243
883,2008-11-12,0.011,95.43333333333334,9.133333333333333,5.0,0.05,0.002,7.5,12.5,0.214,0.0086,23.369253814135586
884,2008-11-12,0.012333333333333333,95.5,9.2,5.5,0.04933333333333334,0.002,7.5,12.5,0.214,0.0084,23.51615676610065
885,2008-11-12,0.012333333333333333,95.5,9.1,5.5,0.04933333333333334,0.002,7.5,12.5,0.214,0.0084,23.506225426346944
886,2008-11-12,0.016,95.43333333333334,9.133333333333333,5.5,0.048,0.002,7.5,12.5,0.211,0.0078,24.024008082254422
887,2008-11-12,0.012333333333333333,95.3,9.1,5.5,0.04933333333333334,0.002,7.5,12.5,0.214,0.0084,23.506218750279665
888,2008-12-08,0.01,95.03333333333335,9.8,25.0,0.091,0.002,7.400000000000001,10.1,0.251,0.0082,35.261386059050906
889,2008-12-08,0.01,95.03333333333335,9.8,24.0,0.091,0.002,7.400000000000001,10.1,0.249,0.0091,35.527429400628854
890,2008-12-08,0.01,95.0,9.8,24.5,0.09100000000000001,0.002,7.4,10.1,0.25066666666666665,0.008733333333333334,35.420832716807574
891,2008-12-08,0.01,94.8,9.8,24.5,0.09100000000000001,0.002,7.4,10.1,0.25066666666666665,0.008733333333333334,35.420826040740295
892,2008-12-08,0.01,95.03333333333335,9.8,24.5,0.091,0.002,7.400000000000001,10.1,0.252,0.0089,35.47368602877658
893,2008-12-08,0.01,95.3,9.8,24.5,0.09100000000000001,0.002,7.4,10.1,0.25066666666666665,0.008733333333333334,35.42084273090849
